1,3,2024-05-15,2024-05-15
2,124,2024-05-15,2024-05-15
3,125,2024-05-15,2024-05-15
4,126,2024-05-15,2024-05-15
5,129,2024-05-15,2024-05-15
6,131,2024-05-15,2024-05-15
7,132,2024-05-15,2024-05-15
8,133,2024-05-15,2024-05-15
9,134,2024-05-15,2024-05-15
10,135,2024-05-15,2024-05-15
11,136,2024-05-15,2024-05-15
12,137,2024-05-15,2024-05-15
13,140,2024-05-15,2024-05-15
14,141,2024-05-15,2024-05-15
15,142,2024-05-15,2024-05-15
16,145,2024-05-15,2024-05-15
17,148,2024-05-15,2024-05-15
18,149,2024-05-15,2024-05-15
19,150,2024-05-15,2024-05-15
20,151,2024-05-15,2024-05-15
21,151,2024-05-15,2024-05-15
22,152,2024-05-15,2024-05-15
23,152,2024-05-15,2024-05-15
24,153,2024-05-15,2024-05-15
25,154,2024-05-15,2024-05-15
26,154,2024-05-15,2024-05-15
27,155,2024-05-15,2024-05-15
28,155,2024-05-15,2024-05-15
29,157,2024-05-15,2024-05-15
30,157,2024-05-15,2024-05-15
31,158,2024-05-15,2024-05-15
32,158,2024-05-15,2024-05-15
33,159,2024-05-15,2024-05-15
34,159,2024-05-15,2024-05-15
35,160,2024-05-15,2024-05-15
36,160,2024-05-15,2024-05-15
37,162,2024-05-15,2024-05-15
38,162,2024-05-15,2024-05-15
39,164,2024-05-15,2024-05-15
40,164,2024-05-15,2024-05-15
41,165,2024-05-15,2024-05-15
42,165,2024-05-15,2024-05-15
43,166,2024-05-15,2024-05-15
44,168,2024-05-15,2024-05-15
45,169,2024-05-15,2024-05-15
46,170,2024-05-15,2024-05-15
47,170,2024-05-15,2024-05-15
48,170,2024-05-15,2024-05-15
49,170,2024-05-15,2024-05-15
50,171,2024-05-15,2024-05-15
51,171,2024-05-15,2024-05-15
52,171,2024-05-15,2024-05-15
53,171,2024-05-15,2024-05-15
54,172,2024-05-15,2024-05-15
55,172,2024-05-15,2024-05-15
56,172,2024-05-15,2024-05-15
57,172,2024-05-15,2024-05-15
58,173,2024-05-15,2024-05-15
59,175,2024-05-15,2024-05-15
60,180,2024-05-15,2024-05-15
61,182,2024-05-15,2024-05-15
62,183,2024-05-15,2024-05-15
63,184,2024-05-15,2024-05-15
64,185,2024-05-15,2024-05-15
65,187,2024-05-15,2024-05-15
66,188,2024-05-15,2024-05-15
67,189,2024-05-15,2024-05-15
68,190,2024-05-15,2024-05-15
69,191,2024-05-15,2024-05-15
70,192,2024-05-15,2024-05-15
71,193,2024-05-15,2024-05-15
72,194,2024-05-15,2024-05-15
73,195,2024-05-15,2024-05-15
74,197,2024-05-15,2024-05-15
75,198,2024-05-15,2024-05-15
76,199,2024-05-15,2024-05-15
77,200,2024-05-15,2024-05-15
78,201,2024-05-15,2024-05-15
79,215,2024-05-15,2024-05-15
80,215,2024-05-15,2024-05-15
81,215,2024-05-15,2024-05-15
82,220,2024-05-15,2024-05-15
83,224,2024-05-15,2024-05-15
84,224,2024-05-15,2024-05-15
85,225,2024-05-15,2024-05-15
86,225,2024-05-15,2024-05-15
87,225,2024-05-15,2024-05-15
88,226,2024-05-15,2024-05-15
89,226,2024-05-15,2024-05-15
90,227,2024-05-15,2024-05-15
91,227,2024-05-15,2024-05-15
92,231,2024-05-15,2024-05-15
93,232,2024-05-15,2024-05-15
94,233,2024-05-15,2024-05-15
95,233,2024-05-15,2024-05-15
96,234,2024-05-15,2024-05-15
97,237,2024-05-15,2024-05-15
98,237,2024-05-15,2024-05-15
99,237,2024-05-15,2024-05-15
100,238,2024-05-15,2024-05-15
101,239,2024-05-15,2024-05-15
102,240,2024-05-15,2024-05-15
103,240,2024-05-15,2024-05-15
104,241,2024-05-15,2024-05-15
105,244,2024-05-15,2024-05-15
106,245,2024-05-15,2024-05-15
107,247,2024-05-15,2024-05-15
108,248,2024-05-15,2024-05-15
109,248,2024-05-15,2024-05-15
110,248,2024-05-15,2024-05-15
111,249,2024-05-15,2024-05-15
112,250,2024-05-15,2024-05-15
113,251,2024-05-15,2024-05-15
114,253,2024-05-15,2024-05-15
115,253,2024-05-15,2024-05-15
116,253,2024-05-15,2024-05-15
117,253,2024-05-15,2024-05-15
118,253,2024-05-15,2024-05-15
119,253,2024-05-15,2024-05-15
120,253,2024-05-15,2024-05-15
121,253,2024-05-15,2024-05-15
122,253,2024-05-15,2024-05-15
123,254,2024-05-15,2024-05-15
124,258,2024-05-15,2024-05-15
125,258,2024-05-15,2024-05-15
126,259,2024-05-15,2024-05-15
127,261,2024-05-15,2024-05-15
128,262,2024-05-15,2024-05-15
129,262,2024-05-15,2024-05-15
130,262,2024-05-15,2024-05-15
131,262,2024-05-15,2024-05-15
132,262,2024-05-15,2024-05-15
133,270,2024-05-15,2024-05-15
134,271,2024-05-15,2024-05-15
135,272,2024-05-15,2024-05-15
136,273,2024-05-15,2024-05-15
137,275,2024-05-15,2024-05-15
138,276,2024-05-15,2024-05-15
139,277,2024-05-15,2024-05-15
140,278,2024-05-15,2024-05-15
141,279,2024-05-15,2024-05-15
142,281,2024-05-15,2024-05-15
143,284,2024-05-15,2024-05-15
144,285,2024-05-15,2024-05-15
145,287,2024-05-15,2024-05-15
146,288,2024-05-15,2024-05-15
147,288,2024-05-15,2024-05-15
148,289,2024-05-15,2024-05-15
149,290,2024-05-15,2024-05-15
150,292,2024-05-15,2024-05-15
151,294,2024-05-15,2024-05-15
152,295,2024-05-15,2024-05-15
153,296,2024-05-15,2024-05-15
154,296,2024-05-15,2024-05-15
155,296,2024-05-15,2024-05-15
156,297,2024-05-15,2024-05-15
157,297,2024-05-15,2024-05-15
158,300,2024-05-15,2024-05-15
159,300,2024-05-15,2024-05-15
160,300,2024-05-15,2024-05-15
161,300,2024-05-15,2024-05-15
162,301,2024-05-15,2024-05-15
163,301,2024-05-15,2024-05-15
164,302,2024-05-15,2024-05-15
165,303,2024-05-15,2024-05-15
166,304,2024-05-15,2024-05-15
167,305,2024-05-15,2024-05-15
168,308,2024-05-15,2024-05-15
169,308,2024-05-15,2024-05-15
170,308,2024-05-15,2024-05-15
171,308,2024-05-15,2024-05-15
172,308,2024-05-15,2024-05-15
173,308,2024-05-15,2024-05-15
174,309,2024-05-15,2024-05-15
175,310,2024-05-15,2024-05-15
176,311,2024-05-15,2024-05-15
177,311,2024-05-15,2024-05-15
178,311,2024-05-15,2024-05-15
179,321,2024-05-15,2024-05-15
180,322,2024-05-15,2024-05-15
181,323,2024-05-15,2024-05-15
182,324,2024-05-15,2024-05-15
183,325,2024-05-15,2024-05-15
184,326,2024-05-15,2024-05-15
185,327,2024-05-15,2024-05-15
186,328,2024-05-15,2024-05-15
187,329,2024-05-15,2024-05-15
188,329,2024-05-15,2024-05-15
189,329,2024-05-15,2024-05-15
190,330,2024-05-15,2024-05-15
191,331,2024-05-15,2024-05-15
192,333,2024-05-15,2024-05-15
193,334,2024-05-15,2024-05-15
194,338,2024-05-15,2024-05-15
195,339,2024-05-15,2024-05-15
196,339,2024-05-15,2024-05-15
197,339,2024-05-15,2024-05-15
198,339,2024-05-15,2024-05-15
199,340,2024-05-15,2024-05-15
200,341,2024-05-15,2024-05-15
201,341,2024-05-15,2024-05-15
202,341,2024-05-15,2024-05-15
203,341,2024-05-15,2024-05-15
204,341,2024-05-15,2024-05-15
205,342,2024-05-15,2024-05-15
206,347,2024-05-15,2024-05-15
207,352,2024-05-15,2024-05-15
208,355,2024-05-15,2024-05-15
209,356,2024-05-15,2024-05-15
210,357,2024-05-15,2024-05-15
211,358,2024-05-15,2024-05-15
212,361,2024-05-15,2024-05-15
213,361,2024-05-15,2024-05-15
214,361,2024-05-15,2024-05-15
215,361,2024-05-15,2024-05-15
216,361,2024-05-15,2024-05-15
217,362,2024-05-15,2024-05-15
218,379,2024-05-15,2024-05-15
219,380,2024-05-15,2024-05-15
220,381,2024-05-15,2024-05-15
221,382,2024-05-15,2024-05-15
222,383,2024-05-15,2024-05-15
223,384,2024-05-15,2024-05-15
224,385,2024-05-15,2024-05-15
225,386,2024-05-15,2024-05-15
226,387,2024-05-15,2024-05-15
227,388,2024-05-15,2024-05-15
228,389,2024-05-15,2024-05-15
229,390,2024-05-15,2024-05-15
230,391,2024-05-15,2024-05-15
231,393,2024-05-15,2024-05-15
232,463,2024-05-15,2024-05-15
233,468,2024-05-15,2024-05-15
234,472,2024-05-15,2024-05-15
235,473,2024-05-15,2024-05-15
236,473,2024-05-15,2024-05-15
237,474,2024-05-15,2024-05-15
238,475,2024-05-15,2024-05-15
239,475,2024-05-15,2024-05-15
240,476,2024-05-15,2024-05-15
241,476,2024-05-15,2024-05-15
242,477,2024-05-15,2024-05-15
243,477,2024-05-15,2024-05-15
244,478,2024-05-15,2024-05-15
245,478,2024-05-15,2024-05-15
246,479,2024-05-15,2024-05-15
247,480,2024-05-15,2024-05-15
248,480,2024-05-15,2024-05-15
249,481,2024-05-15,2024-05-15
250,481,2024-05-15,2024-05-15
251,481,2024-05-15,2024-05-15
252,481,2024-05-15,2024-05-15
253,482,2024-05-15,2024-05-15
254,483,2024-05-15,2024-05-15
255,483,2024-05-15,2024-05-15
256,484,2024-05-15,2024-05-15
257,484,2024-05-15,2024-05-15
258,485,2024-05-15,2024-05-15
259,485,2024-05-15,2024-05-15
260,486,2024-05-15,2024-05-15
261,486,2024-05-15,2024-05-15
262,488,2024-05-15,2024-05-15
263,488,2024-05-15,2024-05-15
264,489,2024-05-15,2024-05-15
265,489,2024-05-15,2024-05-15
266,490,2024-05-15,2024-05-15
267,491,2024-05-15,2024-05-15
268,491,2024-05-15,2024-05-15
269,492,2024-05-15,2024-05-15
270,493,2024-05-15,2024-05-15
271,494,2024-05-15,2024-05-15
272,495,2024-05-15,2024-05-15
273,496,2024-05-15,2024-05-15
274,496,2024-05-15,2024-05-15
275,498,2024-05-15,2024-05-15
276,498,2024-05-15,2024-05-15
277,499,2024-05-15,2024-05-15
278,500,2024-05-15,2024-05-15
279,501,2024-05-15,2024-05-15
280,502,2024-05-15,2024-05-15
281,514,2024-05-15,2024-05-15
282,515,2024-05-15,2024-05-15
283,516,2024-05-15,2024-05-15
284,516,2024-05-15,2024-05-15
285,519,2024-05-15,2024-05-15
286,521,2024-05-15,2024-05-15
287,521,2024-05-15,2024-05-15
288,521,2024-05-15,2024-05-15
289,521,2024-05-15,2024-05-15
290,521,2024-05-15,2024-05-15
291,521,2024-05-15,2024-05-15
292,521,2024-05-15,2024-05-15
293,521,2024-05-15,2024-05-15
294,522,2024-05-15,2024-05-15
295,523,2024-05-15,2024-05-15
296,524,2024-05-15,2024-05-15
297,524,2024-05-15,2024-05-15
298,525,2024-05-15,2024-05-15
299,526,2024-05-15,2024-05-15
300,526,2024-05-15,2024-05-15
301,527,2024-05-15,2024-05-15
302,527,2024-05-15,2024-05-15
303,527,2024-05-15,2024-05-15
304,527,2024-05-15,2024-05-15
305,527,2024-05-15,2024-05-15
306,528,2024-05-15,2024-05-15
307,529,2024-05-15,2024-05-15
308,533,2024-05-15,2024-05-15
309,533,2024-05-15,2024-05-15
310,533,2024-05-15,2024-05-15
311,533,2024-05-15,2024-05-15
312,533,2024-05-15,2024-05-15
313,533,2024-05-15,2024-05-15
314,534,2024-05-15,2024-05-15
315,535,2024-05-15,2024-05-15
316,537,2024-05-15,2024-05-15
317,538,2024-05-15,2024-05-15
318,539,2024-05-15,2024-05-15
319,539,2024-05-15,2024-05-15
320,539,2024-05-15,2024-05-15
321,540,2024-05-15,2024-05-15
322,540,2024-05-15,2024-05-15
323,540,2024-05-15,2024-05-15
324,543,2024-05-15,2024-05-15
325,544,2024-05-15,2024-05-15
326,544,2024-05-15,2024-05-15
327,544,2024-05-15,2024-05-15
328,544,2024-05-15,2024-05-15
329,545,2024-05-15,2024-05-15
330,546,2024-05-15,2024-05-15
331,547,2024-05-15,2024-05-15
332,548,2024-05-15,2024-05-15
333,548,2024-05-15,2024-05-15
334,548,2024-05-15,2024-05-15
335,548,2024-05-15,2024-05-15
336,548,2024-05-15,2024-05-15
337,548,2024-05-15,2024-05-15
338,548,2024-05-15,2024-05-15
339,548,2024-05-15,2024-05-15
340,548,2024-05-15,2024-05-15
341,548,2024-05-15,2024-05-15
342,548,2024-05-15,2024-05-15
343,548,2024-05-15,2024-05-15
344,548,2024-05-15,2024-05-15
345,548,2024-05-15,2024-05-15
346,548,2024-05-15,2024-05-15
347,548,2024-05-15,2024-05-15
348,548,2024-05-15,2024-05-15
349,548,2024-05-15,2024-05-15
350,548,2024-05-15,2024-05-15
351,548,2024-05-15,2024-05-15
352,548,2024-05-15,2024-05-15
353,548,2024-05-15,2024-05-15
354,548,2024-05-15,2024-05-15
355,548,2024-05-15,2024-05-15
356,548,2024-05-15,2024-05-15
357,548,2024-05-15,2024-05-15
358,548,2024-05-15,2024-05-15
359,548,2024-05-15,2024-05-15
360,548,2024-05-15,2024-05-15
361,548,2024-05-15,2024-05-15
362,548,2024-05-15,2024-05-15
363,548,2024-05-15,2024-05-15
364,549,2024-05-15,2024-05-15
365,549,2024-05-15,2024-05-15
366,549,2024-05-15,2024-05-15
367,549,2024-05-15,2024-05-15
368,549,2024-05-15,2024-05-15
369,550,2024-05-15,2024-05-15
370,551,2024-05-15,2024-05-15
371,555,2024-05-15,2024-05-15
372,556,2024-05-15,2024-05-15
373,557,2024-05-15,2024-05-15
374,558,2024-05-15,2024-05-15
375,559,2024-05-15,2024-05-15
376,560,2024-05-15,2024-05-15
377,561,2024-05-15,2024-05-15
378,562,2024-05-15,2024-05-15
379,564,2024-05-15,2024-05-15
380,565,2024-05-15,2024-05-15
381,565,2024-05-15,2024-05-15
382,565,2024-05-15,2024-05-15
383,565,2024-05-15,2024-05-15
384,566,2024-05-15,2024-05-15
385,567,2024-05-15,2024-05-15
386,567,2024-05-15,2024-05-15
387,568,2024-05-15,2024-05-15
388,569,2024-05-15,2024-05-15
389,570,2024-05-15,2024-05-15
390,570,2024-05-15,2024-05-15
391,570,2024-05-15,2024-05-15
392,570,2024-05-15,2024-05-15
393,573,2024-05-15,2024-05-15
394,574,2024-05-15,2024-05-15
395,575,2024-05-15,2024-05-15
396,575,2024-05-15,2024-05-15
397,575,2024-05-15,2024-05-15
398,575,2024-05-15,2024-05-15
399,595,2024-05-15,2024-05-15
400,596,2024-05-15,2024-05-15
401,597,2024-05-15,2024-05-15
402,600,2024-05-15,2024-05-15
403,601,2024-05-15,2024-05-15
404,602,2024-05-15,2024-05-15
405,603,2024-05-15,2024-05-15
406,604,2024-05-15,2024-05-15
407,605,2024-05-15,2024-05-15
408,605,2024-05-15,2024-05-15
409,607,2024-05-15,2024-05-15
410,608,2024-05-15,2024-05-15
411,608,2024-05-15,2024-05-15
412,609,2024-05-15,2024-05-15
413,609,2024-05-15,2024-05-15
414,610,2024-05-15,2024-05-15
415,611,2024-05-15,2024-05-15
416,612,2024-05-15,2024-05-15
417,613,2024-05-15,2024-05-15
418,613,2024-05-15,2024-05-15
419,614,2024-05-15,2024-05-15
420,614,2024-05-15,2024-05-15
421,615,2024-05-15,2024-05-15
422,615,2024-05-15,2024-05-15
423,616,2024-05-15,2024-05-15
424,617,2024-05-15,2024-05-15
425,617,2024-05-15,2024-05-15
426,618,2024-05-15,2024-05-15
427,618,2024-05-15,2024-05-15
428,619,2024-05-15,2024-05-15
429,619,2024-05-15,2024-05-15
430,620,2024-05-15,2024-05-15
431,621,2024-05-15,2024-05-15
432,621,2024-05-15,2024-05-15
433,622,2024-05-15,2024-05-15
434,622,2024-05-15,2024-05-15
435,623,2024-05-15,2024-05-15
436,624,2024-05-15,2024-05-15
437,625,2024-05-15,2024-05-15
438,625,2024-05-15,2024-05-15
439,626,2024-05-15,2024-05-15
440,627,2024-05-15,2024-05-15
441,627,2024-05-15,2024-05-15
442,628,2024-05-15,2024-05-15
443,629,2024-05-15,2024-05-15
444,630,2024-05-15,2024-05-15
445,631,2024-05-15,2024-05-15
446,632,2024-05-15,2024-05-15
447,634,2024-05-15,2024-05-15
448,634,2024-05-15,2024-05-15
449,635,2024-05-15,2024-05-15
450,636,2024-05-15,2024-05-15
451,637,2024-05-15,2024-05-15
452,638,2024-05-15,2024-05-15
453,639,2024-05-15,2024-05-15
454,640,2024-05-15,2024-05-15
455,641,2024-05-15,2024-05-15
456,642,2024-05-15,2024-05-15
457,643,2024-05-15,2024-05-15
458,643,2024-05-15,2024-05-15
459,643,2024-05-15,2024-05-15
460,643,2024-05-15,2024-05-15
461,644,2024-05-15,2024-05-15
462,645,2024-05-15,2024-05-15
463,645,2024-05-15,2024-05-15
464,645,2024-05-15,2024-05-15
465,645,2024-05-15,2024-05-15
466,646,2024-05-15,2024-05-15
467,647,2024-05-15,2024-05-15
468,647,2024-05-15,2024-05-15
469,647,2024-05-15,2024-05-15
470,647,2024-05-15,2024-05-15
471,648,2024-05-15,2024-05-15
472,649,2024-05-15,2024-05-15
473,650,2024-05-15,2024-05-15
474,651,2024-05-15,2024-05-15
475,652,2024-05-15,2024-05-15
476,653,2024-05-15,2024-05-15
477,654,2024-05-15,2024-05-15
478,656,2024-05-15,2024-05-15
479,657,2024-05-15,2024-05-15
480,661,2024-05-15,2024-05-15
481,662,2024-05-15,2024-05-15
482,664,2024-05-15,2024-05-15
483,665,2024-05-15,2024-05-15
484,666,2024-05-15,2024-05-15
485,676,2024-05-15,2024-05-15
486,676,2024-05-15,2024-05-15
487,681,2024-05-15,2024-05-15
488,683,2024-05-15,2024-05-15
489,684,2024-05-15,2024-05-15
490,685,2024-05-15,2024-05-15
491,686,2024-05-15,2024-05-15
492,687,2024-05-15,2024-05-15
493,688,2024-05-15,2024-05-15
494,689,2024-05-15,2024-05-15
495,690,2024-05-15,2024-05-15
496,691,2024-05-15,2024-05-15
497,692,2024-05-15,2024-05-15
498,693,2024-05-15,2024-05-15
499,695,2024-05-15,2024-05-15
500,696,2024-05-15,2024-05-15
501,698,2024-05-15,2024-05-15
502,703,2024-05-15,2024-05-15
503,704,2024-05-15,2024-05-15
504,705,2024-05-15,2024-05-15
505,705,2024-05-15,2024-05-15
506,706,2024-05-15,2024-05-15
507,706,2024-05-15,2024-05-15
508,710,2024-05-15,2024-05-15
509,715,2024-05-15,2024-05-15
510,717,2024-05-15,2024-05-15
511,719,2024-05-15,2024-05-15
512,719,2024-05-15,2024-05-15
513,721,2024-05-15,2024-05-15
514,722,2024-05-15,2024-05-15
515,723,2024-05-15,2024-05-15
516,724,2024-05-15,2024-05-15
517,724,2024-05-15,2024-05-15
518,725,2024-05-15,2024-05-15
519,726,2024-05-15,2024-05-15
520,727,2024-05-15,2024-05-15
521,728,2024-05-15,2024-05-15
522,730,2024-05-15,2024-05-15
523,731,2024-05-15,2024-05-15
524,734,2024-05-15,2024-05-15
525,734,2024-05-15,2024-05-15
526,734,2024-05-15,2024-05-15
527,735,2024-05-15,2024-05-15
528,735,2024-05-15,2024-05-15
529,735,2024-05-15,2024-05-15
530,736,2024-05-15,2024-05-15
531,737,2024-05-15,2024-05-15
532,737,2024-05-15,2024-05-15
533,738,2024-05-15,2024-05-15
534,739,2024-05-15,2024-05-15
535,741,2024-05-15,2024-05-15
536,741,2024-05-15,2024-05-15
537,741,2024-05-15,2024-05-15
538,741,2024-05-15,2024-05-15
539,741,2024-05-15,2024-05-15
540,741,2024-05-15,2024-05-15
541,741,2024-05-15,2024-05-15
542,741,2024-05-15,2024-05-15
543,741,2024-05-15,2024-05-15
544,742,2024-05-15,2024-05-15
545,746,2024-05-15,2024-05-15
546,746,2024-05-15,2024-05-15
547,748,2024-05-15,2024-05-15
548,749,2024-05-15,2024-05-15
549,752,2024-05-15,2024-05-15
550,752,2024-05-15,2024-05-15
551,752,2024-05-15,2024-05-15
552,752,2024-05-15,2024-05-15
553,752,2024-05-15,2024-05-15
554,762,2024-05-15,2024-05-15
555,763,2024-05-15,2024-05-15
556,766,2024-05-15,2024-05-15
557,767,2024-05-15,2024-05-15
558,768,2024-05-15,2024-05-15
559,769,2024-05-15,2024-05-15
560,771,2024-05-15,2024-05-15
561,772,2024-05-15,2024-05-15
562,773,2024-05-15,2024-05-15
563,775,2024-05-15,2024-05-15
564,776,2024-05-15,2024-05-15
565,779,2024-05-15,2024-05-15
566,780,2024-05-15,2024-05-15
567,783,2024-05-15,2024-05-15
568,783,2024-05-15,2024-05-15
569,784,2024-05-15,2024-05-15
570,785,2024-05-15,2024-05-15
571,787,2024-05-15,2024-05-15
572,788,2024-05-15,2024-05-15
573,789,2024-05-15,2024-05-15
574,790,2024-05-15,2024-05-15
575,791,2024-05-15,2024-05-15
576,791,2024-05-15,2024-05-15
577,791,2024-05-15,2024-05-15
578,792,2024-05-15,2024-05-15
579,792,2024-05-15,2024-05-15
580,793,2024-05-15,2024-05-15
581,793,2024-05-15,2024-05-15
582,794,2024-05-15,2024-05-15
583,794,2024-05-15,2024-05-15
584,794,2024-05-15,2024-05-15
585,794,2024-05-15,2024-05-15
586,795,2024-05-15,2024-05-15
587,795,2024-05-15,2024-05-15
588,796,2024-05-15,2024-05-15
589,797,2024-05-15,2024-05-15
590,798,2024-05-15,2024-05-15
591,799,2024-05-15,2024-05-15
592,800,2024-05-15,2024-05-15
593,800,2024-05-15,2024-05-15
594,800,2024-05-15,2024-05-15
595,800,2024-05-15,2024-05-15
596,800,2024-05-15,2024-05-15
597,800,2024-05-15,2024-05-15
598,801,2024-05-15,2024-05-15
599,802,2024-05-15,2024-05-15
600,803,2024-05-15,2024-05-15
601,803,2024-05-15,2024-05-15
602,803,2024-05-15,2024-05-15
603,805,2024-05-15,2024-05-15
604,806,2024-05-15,2024-05-15
605,807,2024-05-15,2024-05-15
606,808,2024-05-15,2024-05-15
607,809,2024-05-15,2024-05-15
608,810,2024-05-15,2024-05-15
609,811,2024-05-15,2024-05-15
610,812,2024-05-15,2024-05-15
611,813,2024-05-15,2024-05-15
612,814,2024-05-15,2024-05-15
613,815,2024-05-15,2024-05-15
614,815,2024-05-15,2024-05-15
615,815,2024-05-15,2024-05-15
616,816,2024-05-15,2024-05-15
617,817,2024-05-15,2024-05-15
618,818,2024-05-15,2024-05-15
619,819,2024-05-15,2024-05-15
620,820,2024-05-15,2024-05-15
621,821,2024-05-15,2024-05-15
622,821,2024-05-15,2024-05-15
623,821,2024-05-15,2024-05-15
624,821,2024-05-15,2024-05-15
625,822,2024-05-15,2024-05-15
626,823,2024-05-15,2024-05-15
627,824,2024-05-15,2024-05-15
628,824,2024-05-15,2024-05-15
629,824,2024-05-15,2024-05-15
630,824,2024-05-15,2024-05-15
631,824,2024-05-15,2024-05-15
632,825,2024-05-15,2024-05-15
633,826,2024-05-15,2024-05-15
634,827,2024-05-15,2024-05-15
635,829,2024-05-15,2024-05-15
636,830,2024-05-15,2024-05-15
637,831,2024-05-15,2024-05-15
638,832,2024-05-15,2024-05-15
639,833,2024-05-15,2024-05-15
640,834,2024-05-15,2024-05-15
641,834,2024-05-15,2024-05-15
642,834,2024-05-15,2024-05-15
643,834,2024-05-15,2024-05-15
644,834,2024-05-15,2024-05-15
645,835,2024-05-15,2024-05-15
646,836,2024-05-15,2024-05-15
647,838,2024-05-15,2024-05-15
648,841,2024-05-15,2024-05-15
649,852,2024-05-15,2024-05-15
650,856,2024-05-15,2024-05-15
651,857,2024-05-15,2024-05-15
652,859,2024-05-15,2024-05-15
653,873,2024-05-15,2024-05-15
654,876,2024-05-15,2024-05-15
655,877,2024-05-15,2024-05-15
656,878,2024-05-15,2024-05-15
657,879,2024-05-15,2024-05-15
658,880,2024-05-15,2024-05-15
659,883,2024-05-15,2024-05-15
660,885,2024-05-15,2024-05-15
661,885,2024-05-15,2024-05-15
662,885,2024-05-15,2024-05-15
663,885,2024-05-15,2024-05-15
664,890,2024-05-15,2024-05-15
665,895,2024-05-15,2024-05-15
666,896,2024-05-15,2024-05-15
667,896,2024-05-15,2024-05-15
668,897,2024-05-15,2024-05-15
669,898,2024-05-15,2024-05-15
670,898,2024-05-15,2024-05-15
671,899,2024-05-15,2024-05-15
672,899,2024-05-15,2024-05-15
673,900,2024-05-15,2024-05-15
674,900,2024-05-15,2024-05-15
675,901,2024-05-15,2024-05-15
676,901,2024-05-15,2024-05-15
677,902,2024-05-15,2024-05-15
678,902,2024-05-15,2024-05-15
679,903,2024-05-15,2024-05-15
680,903,2024-05-15,2024-05-15
681,905,2024-05-15,2024-05-15
682,906,2024-05-15,2024-05-15
683,907,2024-05-15,2024-05-15
684,908,2024-05-15,2024-05-15
685,909,2024-05-15,2024-05-15
686,910,2024-05-15,2024-05-15
687,911,2024-05-15,2024-05-15
688,914,2024-05-15,2024-05-15
689,915,2024-05-15,2024-05-15
690,916,2024-05-15,2024-05-15
691,917,2024-05-15,2024-05-15
692,918,2024-05-15,2024-05-15
693,919,2024-05-15,2024-05-15
694,920,2024-05-15,2024-05-15
695,920,2024-05-15,2024-05-15
696,925,2024-05-15,2024-05-15
697,926,2024-05-15,2024-05-15
698,927,2024-05-15,2024-05-15
699,927,2024-05-15,2024-05-15
700,928,2024-05-15,2024-05-15
701,929,2024-05-15,2024-05-15
702,930,2024-05-15,2024-05-15
703,933,2024-05-15,2024-05-15
704,935,2024-05-15,2024-05-15
705,936,2024-05-15,2024-05-15
706,936,2024-05-15,2024-05-15
707,938,2024-05-15,2024-05-15
708,938,2024-05-15,2024-05-15
709,939,2024-05-15,2024-05-15
710,940,2024-05-15,2024-05-15
711,941,2024-05-15,2024-05-15
712,957,2024-05-15,2024-05-15
713,958,2024-05-15,2024-05-15
714,959,2024-05-15,2024-05-15
715,959,2024-05-15,2024-05-15
716,966,2024-05-15,2024-05-15
717,966,2024-05-15,2024-05-15
718,966,2024-05-15,2024-05-15
719,966,2024-05-15,2024-05-15
720,966,2024-05-15,2024-05-15
721,966,2024-05-15,2024-05-15
722,966,2024-05-15,2024-05-15
723,966,2024-05-15,2024-05-15
724,966,2024-05-15,2024-05-15
725,967,2024-05-15,2024-05-15
726,968,2024-05-15,2024-05-15
727,969,2024-05-15,2024-05-15
728,969,2024-05-15,2024-05-15
729,970,2024-05-15,2024-05-15
730,971,2024-05-15,2024-05-15
731,971,2024-05-15,2024-05-15
732,973,2024-05-15,2024-05-15
733,973,2024-05-15,2024-05-15
734,973,2024-05-15,2024-05-15
735,973,2024-05-15,2024-05-15
736,973,2024-05-15,2024-05-15
737,975,2024-05-15,2024-05-15
738,976,2024-05-15,2024-05-15
739,980,2024-05-15,2024-05-15
740,980,2024-05-15,2024-05-15
741,980,2024-05-15,2024-05-15
742,980,2024-05-15,2024-05-15
743,980,2024-05-15,2024-05-15
744,980,2024-05-15,2024-05-15
745,981,2024-05-15,2024-05-15
746,984,2024-05-15,2024-05-15
747,985,2024-05-15,2024-05-15
748,986,2024-05-15,2024-05-15
749,986,2024-05-15,2024-05-15
750,986,2024-05-15,2024-05-15
751,990,2024-05-15,2024-05-15
752,991,2024-05-15,2024-05-15
753,991,2024-05-15,2024-05-15
754,991,2024-05-15,2024-05-15
755,991,2024-05-15,2024-05-15
756,992,2024-05-15,2024-05-15
757,993,2024-05-15,2024-05-15
758,994,2024-05-15,2024-05-15
759,995,2024-05-15,2024-05-15
760,995,2024-05-15,2024-05-15
761,995,2024-05-15,2024-05-15
762,995,2024-05-15,2024-05-15
763,995,2024-05-15,2024-05-15
764,995,2024-05-15,2024-05-15
765,995,2024-05-15,2024-05-15
766,995,2024-05-15,2024-05-15
767,995,2024-05-15,2024-05-15
768,996,2024-05-15,2024-05-15
769,996,2024-05-15,2024-05-15
770,996,2024-05-15,2024-05-15
771,996,2024-05-15,2024-05-15
772,996,2024-05-15,2024-05-15
773,996,2024-05-15,2024-05-15
774,996,2024-05-15,2024-05-15
775,996,2024-05-15,2024-05-15
776,996,2024-05-15,2024-05-15
777,997,2024-05-15,2024-05-15
778,997,2024-05-15,2024-05-15
779,997,2024-05-15,2024-05-15
780,997,2024-05-15,2024-05-15
781,997,2024-05-15,2024-05-15
782,997,2024-05-15,2024-05-15
783,997,2024-05-15,2024-05-15
784,997,2024-05-15,2024-05-15
785,997,2024-05-15,2024-05-15
786,997,2024-05-15,2024-05-15
787,997,2024-05-15,2024-05-15
788,997,2024-05-15,2024-05-15
789,997,2024-05-15,2024-05-15
790,997,2024-05-15,2024-05-15
791,998,2024-05-15,2024-05-15
792,998,2024-05-15,2024-05-15
793,998,2024-05-15,2024-05-15
794,998,2024-05-15,2024-05-15
795,998,2024-05-15,2024-05-15
796,999,2024-05-15,2024-05-15
797,1000,2024-05-15,2024-05-15
798,1010,2024-05-15,2024-05-15
799,1011,2024-05-15,2024-05-15
800,1012,2024-05-15,2024-05-15
801,1013,2024-05-15,2024-05-15
802,1014,2024-05-15,2024-05-15
803,1015,2024-05-15,2024-05-15
804,1016,2024-05-15,2024-05-15
805,1017,2024-05-15,2024-05-15
806,1019,2024-05-15,2024-05-15
807,1020,2024-05-15,2024-05-15
808,1020,2024-05-15,2024-05-15
809,1020,2024-05-15,2024-05-15
810,1020,2024-05-15,2024-05-15
811,1022,2024-05-15,2024-05-15
812,1026,2024-05-15,2024-05-15
813,1027,2024-05-15,2024-05-15
814,1027,2024-05-15,2024-05-15
815,1028,2024-05-15,2024-05-15
816,1029,2024-05-15,2024-05-15
817,1030,2024-05-15,2024-05-15
818,1030,2024-05-15,2024-05-15
819,1030,2024-05-15,2024-05-15
820,1030,2024-05-15,2024-05-15
821,1039,2024-05-15,2024-05-15
822,1040,2024-05-15,2024-05-15
823,1043,2024-05-15,2024-05-15
824,1043,2024-05-15,2024-05-15
825,1043,2024-05-15,2024-05-15
826,1043,2024-05-15,2024-05-15
827,1053,2024-05-15,2024-05-15
828,1053,2024-05-15,2024-05-15
829,1053,2024-05-15,2024-05-15
830,1056,2024-05-15,2024-05-15
831,1057,2024-05-15,2024-05-15
832,1060,2024-05-15,2024-05-15
833,1087,2024-05-15,2024-05-15
834,1088,2024-05-15,2024-05-15
835,1089,2024-05-15,2024-05-15
836,1090,2024-05-15,2024-05-15
