1,1,1,2024-05-15,2024-05-15
2,2,2,2024-05-15,2024-05-15
3,3,3,2024-05-15,2024-05-15
4,4,4,2024-05-15,2024-05-15
5,5,5,2024-05-15,2024-05-15
6,6,6,2024-05-15,2024-05-15
7,7,7,2024-05-15,2024-05-15
8,8,8,2024-05-15,2024-05-15
9,9,9,2024-05-15,2024-05-15
10,10,10,2024-05-15,2024-05-15
11,11,11,2024-05-15,2024-05-15
12,12,12,2024-05-15,2024-05-15
13,13,13,2024-05-15,2024-05-15
14,14,14,2024-05-15,2024-05-15
15,15,15,2024-05-15,2024-05-15
16,16,16,2024-05-15,2024-05-15
17,17,17,2024-05-15,2024-05-15
18,18,18,2024-05-15,2024-05-15
19,19,19,2024-05-15,2024-05-15
20,20,20,2024-05-15,2024-05-15
21,21,21,2024-05-15,2024-05-15
22,22,22,2024-05-15,2024-05-15
23,23,23,2024-05-15,2024-05-15
24,24,24,2024-05-15,2024-05-15
25,25,25,2024-05-15,2024-05-15
26,26,26,2024-05-15,2024-05-15
27,27,27,2024-05-15,2024-05-15
28,28,28,2024-05-15,2024-05-15
29,29,29,2024-05-15,2024-05-15
30,30,30,2024-05-15,2024-05-15
31,31,31,2024-05-15,2024-05-15
32,32,32,2024-05-15,2024-05-15
33,33,33,2024-05-15,2024-05-15
34,34,34,2024-05-15,2024-05-15
35,35,35,2024-05-15,2024-05-15
36,36,36,2024-05-15,2024-05-15
37,37,37,2024-05-15,2024-05-15
38,38,38,2024-05-15,2024-05-15
39,39,39,2024-05-15,2024-05-15
40,40,40,2024-05-15,2024-05-15
41,41,41,2024-05-15,2024-05-15
42,42,42,2024-05-15,2024-05-15
43,43,43,2024-05-15,2024-05-15
44,44,44,2024-05-15,2024-05-15
45,45,45,2024-05-15,2024-05-15
46,46,46,2024-05-15,2024-05-15
47,47,47,2024-05-15,2024-05-15
48,48,48,2024-05-15,2024-05-15
49,49,49,2024-05-15,2024-05-15
50,50,50,2024-05-15,2024-05-15
51,51,51,2024-05-15,2024-05-15
52,52,52,2024-05-15,2024-05-15
53,53,53,2024-05-15,2024-05-15
54,54,54,2024-05-15,2024-05-15
55,55,55,2024-05-15,2024-05-15
56,56,56,2024-05-15,2024-05-15
57,57,57,2024-05-15,2024-05-15
58,58,58,2024-05-15,2024-05-15
59,59,59,2024-05-15,2024-05-15
60,60,60,2024-05-15,2024-05-15
61,61,61,2024-05-15,2024-05-15
62,62,62,2024-05-15,2024-05-15
63,63,63,2024-05-15,2024-05-15
64,64,64,2024-05-15,2024-05-15
65,65,65,2024-05-15,2024-05-15
66,66,66,2024-05-15,2024-05-15
67,67,67,2024-05-15,2024-05-15
68,68,68,2024-05-15,2024-05-15
69,69,69,2024-05-15,2024-05-15
70,70,70,2024-05-15,2024-05-15
71,71,71,2024-05-15,2024-05-15
72,72,72,2024-05-15,2024-05-15
73,73,73,2024-05-15,2024-05-15
74,74,74,2024-05-15,2024-05-15
75,75,75,2024-05-15,2024-05-15
76,76,76,2024-05-15,2024-05-15
77,77,77,2024-05-15,2024-05-15
78,78,78,2024-05-15,2024-05-15
79,79,79,2024-05-15,2024-05-15
80,80,80,2024-05-15,2024-05-15
81,81,81,2024-05-15,2024-05-15
82,82,82,2024-05-15,2024-05-15
83,83,83,2024-05-15,2024-05-15
84,84,84,2024-05-15,2024-05-15
85,85,85,2024-05-15,2024-05-15
86,86,86,2024-05-15,2024-05-15
87,87,87,2024-05-15,2024-05-15
88,88,88,2024-05-15,2024-05-15
89,89,89,2024-05-15,2024-05-15
90,90,90,2024-05-15,2024-05-15
91,91,91,2024-05-15,2024-05-15
92,92,92,2024-05-15,2024-05-15
93,93,93,2024-05-15,2024-05-15
94,94,94,2024-05-15,2024-05-15
95,95,95,2024-05-15,2024-05-15
96,96,96,2024-05-15,2024-05-15
97,97,97,2024-05-15,2024-05-15
98,98,98,2024-05-15,2024-05-15
99,99,99,2024-05-15,2024-05-15
100,100,100,2024-05-15,2024-05-15
101,101,101,2024-05-15,2024-05-15
102,102,102,2024-05-15,2024-05-15
103,103,103,2024-05-15,2024-05-15
104,104,104,2024-05-15,2024-05-15
105,105,105,2024-05-15,2024-05-15
106,106,106,2024-05-15,2024-05-15
107,107,107,2024-05-15,2024-05-15
108,108,108,2024-05-15,2024-05-15
109,109,109,2024-05-15,2024-05-15
110,110,110,2024-05-15,2024-05-15
111,111,111,2024-05-15,2024-05-15
112,112,112,2024-05-15,2024-05-15
113,113,113,2024-05-15,2024-05-15
114,114,114,2024-05-15,2024-05-15
115,115,115,2024-05-15,2024-05-15
116,116,116,2024-05-15,2024-05-15
117,117,117,2024-05-15,2024-05-15
118,118,118,2024-05-15,2024-05-15
119,119,119,2024-05-15,2024-05-15
120,120,120,2024-05-15,2024-05-15
121,121,121,2024-05-15,2024-05-15
122,122,122,2024-05-15,2024-05-15
123,123,123,2024-05-15,2024-05-15
124,124,124,2024-05-15,2024-05-15
125,125,125,2024-05-15,2024-05-15
126,126,126,2024-05-15,2024-05-15
127,127,127,2024-05-15,2024-05-15
128,128,128,2024-05-15,2024-05-15
129,129,129,2024-05-15,2024-05-15
130,130,130,2024-05-15,2024-05-15
131,131,131,2024-05-15,2024-05-15
132,132,132,2024-05-15,2024-05-15
133,133,133,2024-05-15,2024-05-15
134,134,134,2024-05-15,2024-05-15
135,135,135,2024-05-15,2024-05-15
136,136,136,2024-05-15,2024-05-15
137,137,137,2024-05-15,2024-05-15
138,138,138,2024-05-15,2024-05-15
139,139,139,2024-05-15,2024-05-15
140,140,140,2024-05-15,2024-05-15
141,141,141,2024-05-15,2024-05-15
142,142,142,2024-05-15,2024-05-15
143,143,143,2024-05-15,2024-05-15
144,144,144,2024-05-15,2024-05-15
145,145,145,2024-05-15,2024-05-15
146,146,146,2024-05-15,2024-05-15
147,147,147,2024-05-15,2024-05-15
148,148,148,2024-05-15,2024-05-15
149,149,149,2024-05-15,2024-05-15
150,150,150,2024-05-15,2024-05-15
151,151,151,2024-05-15,2024-05-15
152,152,152,2024-05-15,2024-05-15
153,153,153,2024-05-15,2024-05-15
154,154,154,2024-05-15,2024-05-15
155,155,155,2024-05-15,2024-05-15
156,156,156,2024-05-15,2024-05-15
157,157,157,2024-05-15,2024-05-15
158,158,158,2024-05-15,2024-05-15
159,159,159,2024-05-15,2024-05-15
160,160,160,2024-05-15,2024-05-15
161,161,161,2024-05-15,2024-05-15
162,162,162,2024-05-15,2024-05-15
163,163,163,2024-05-15,2024-05-15
164,164,164,2024-05-15,2024-05-15
165,165,165,2024-05-15,2024-05-15
166,166,166,2024-05-15,2024-05-15
167,167,167,2024-05-15,2024-05-15
168,168,168,2024-05-15,2024-05-15
169,169,169,2024-05-15,2024-05-15
170,170,170,2024-05-15,2024-05-15
171,171,171,2024-05-15,2024-05-15
172,172,172,2024-05-15,2024-05-15
173,173,173,2024-05-15,2024-05-15
174,174,174,2024-05-15,2024-05-15
175,175,175,2024-05-15,2024-05-15
176,176,176,2024-05-15,2024-05-15
177,177,177,2024-05-15,2024-05-15
178,178,178,2024-05-15,2024-05-15
179,179,179,2024-05-15,2024-05-15
180,180,180,2024-05-15,2024-05-15
181,181,181,2024-05-15,2024-05-15
182,182,182,2024-05-15,2024-05-15
183,183,183,2024-05-15,2024-05-15
184,184,184,2024-05-15,2024-05-15
185,185,185,2024-05-15,2024-05-15
186,186,186,2024-05-15,2024-05-15
187,187,187,2024-05-15,2024-05-15
188,188,188,2024-05-15,2024-05-15
189,189,189,2024-05-15,2024-05-15
190,190,190,2024-05-15,2024-05-15
191,191,191,2024-05-15,2024-05-15
192,192,192,2024-05-15,2024-05-15
193,193,193,2024-05-15,2024-05-15
194,194,194,2024-05-15,2024-05-15
195,195,195,2024-05-15,2024-05-15
196,196,196,2024-05-15,2024-05-15
197,197,197,2024-05-15,2024-05-15
198,198,198,2024-05-15,2024-05-15
199,199,199,2024-05-15,2024-05-15
200,200,200,2024-05-15,2024-05-15
201,201,201,2024-05-15,2024-05-15
202,202,202,2024-05-15,2024-05-15
203,203,203,2024-05-15,2024-05-15
204,204,204,2024-05-15,2024-05-15
205,205,205,2024-05-15,2024-05-15
206,206,206,2024-05-15,2024-05-15
207,207,207,2024-05-15,2024-05-15
208,208,208,2024-05-15,2024-05-15
209,209,209,2024-05-15,2024-05-15
210,210,210,2024-05-15,2024-05-15
211,211,211,2024-05-15,2024-05-15
212,212,212,2024-05-15,2024-05-15
213,213,213,2024-05-15,2024-05-15
214,214,214,2024-05-15,2024-05-15
215,215,215,2024-05-15,2024-05-15
216,216,216,2024-05-15,2024-05-15
217,217,217,2024-05-15,2024-05-15
218,218,218,2024-05-15,2024-05-15
219,219,219,2024-05-15,2024-05-15
220,220,220,2024-05-15,2024-05-15
221,221,221,2024-05-15,2024-05-15
222,222,222,2024-05-15,2024-05-15
223,223,223,2024-05-15,2024-05-15
224,224,224,2024-05-15,2024-05-15
225,225,225,2024-05-15,2024-05-15
226,226,226,2024-05-15,2024-05-15
227,227,227,2024-05-15,2024-05-15
228,228,228,2024-05-15,2024-05-15
229,229,229,2024-05-15,2024-05-15
230,230,230,2024-05-15,2024-05-15
231,231,231,2024-05-15,2024-05-15
232,232,232,2024-05-15,2024-05-15
233,233,233,2024-05-15,2024-05-15
234,234,234,2024-05-15,2024-05-15
235,235,235,2024-05-15,2024-05-15
236,236,236,2024-05-15,2024-05-15
237,237,237,2024-05-15,2024-05-15
238,238,238,2024-05-15,2024-05-15
239,239,239,2024-05-15,2024-05-15
240,240,240,2024-05-15,2024-05-15
241,241,241,2024-05-15,2024-05-15
242,242,242,2024-05-15,2024-05-15
243,243,243,2024-05-15,2024-05-15
244,244,244,2024-05-15,2024-05-15
245,245,245,2024-05-15,2024-05-15
246,246,246,2024-05-15,2024-05-15
247,247,247,2024-05-15,2024-05-15
248,248,248,2024-05-15,2024-05-15
249,249,249,2024-05-15,2024-05-15
250,250,250,2024-05-15,2024-05-15
251,251,251,2024-05-15,2024-05-15
252,252,252,2024-05-15,2024-05-15
253,253,253,2024-05-15,2024-05-15
254,254,254,2024-05-15,2024-05-15
255,255,255,2024-05-15,2024-05-15
256,256,256,2024-05-15,2024-05-15
257,257,257,2024-05-15,2024-05-15
258,258,258,2024-05-15,2024-05-15
259,259,259,2024-05-15,2024-05-15
260,260,260,2024-05-15,2024-05-15
261,261,261,2024-05-15,2024-05-15
262,262,262,2024-05-15,2024-05-15
263,263,263,2024-05-15,2024-05-15
264,264,264,2024-05-15,2024-05-15
265,265,265,2024-05-15,2024-05-15
266,266,266,2024-05-15,2024-05-15
267,267,267,2024-05-15,2024-05-15
268,268,268,2024-05-15,2024-05-15
269,269,269,2024-05-15,2024-05-15
270,270,270,2024-05-15,2024-05-15
271,271,271,2024-05-15,2024-05-15
272,272,272,2024-05-15,2024-05-15
273,273,273,2024-05-15,2024-05-15
274,274,274,2024-05-15,2024-05-15
275,275,275,2024-05-15,2024-05-15
276,276,276,2024-05-15,2024-05-15
277,277,277,2024-05-15,2024-05-15
278,278,278,2024-05-15,2024-05-15
279,279,279,2024-05-15,2024-05-15
280,280,280,2024-05-15,2024-05-15
281,281,281,2024-05-15,2024-05-15
282,282,282,2024-05-15,2024-05-15
283,283,283,2024-05-15,2024-05-15
284,284,284,2024-05-15,2024-05-15
285,285,285,2024-05-15,2024-05-15
286,286,286,2024-05-15,2024-05-15
287,287,287,2024-05-15,2024-05-15
288,288,288,2024-05-15,2024-05-15
289,289,289,2024-05-15,2024-05-15
290,290,290,2024-05-15,2024-05-15
291,291,291,2024-05-15,2024-05-15
292,292,292,2024-05-15,2024-05-15
293,293,293,2024-05-15,2024-05-15
294,294,294,2024-05-15,2024-05-15
295,295,295,2024-05-15,2024-05-15
296,296,296,2024-05-15,2024-05-15
297,297,297,2024-05-15,2024-05-15
298,298,298,2024-05-15,2024-05-15
299,299,299,2024-05-15,2024-05-15
300,300,300,2024-05-15,2024-05-15
301,301,301,2024-05-15,2024-05-15
302,302,302,2024-05-15,2024-05-15
303,303,303,2024-05-15,2024-05-15
304,304,304,2024-05-15,2024-05-15
305,305,305,2024-05-15,2024-05-15
306,306,306,2024-05-15,2024-05-15
307,307,307,2024-05-15,2024-05-15
308,308,308,2024-05-15,2024-05-15
309,309,309,2024-05-15,2024-05-15
310,310,310,2024-05-15,2024-05-15
311,311,311,2024-05-15,2024-05-15
312,312,312,2024-05-15,2024-05-15
313,313,313,2024-05-15,2024-05-15
314,314,314,2024-05-15,2024-05-15
315,315,315,2024-05-15,2024-05-15
316,316,316,2024-05-15,2024-05-15
317,317,317,2024-05-15,2024-05-15
318,318,318,2024-05-15,2024-05-15
319,319,319,2024-05-15,2024-05-15
320,320,320,2024-05-15,2024-05-15
321,321,321,2024-05-15,2024-05-15
322,322,322,2024-05-15,2024-05-15
323,323,323,2024-05-15,2024-05-15
324,324,324,2024-05-15,2024-05-15
325,325,325,2024-05-15,2024-05-15
326,326,326,2024-05-15,2024-05-15
327,327,327,2024-05-15,2024-05-15
328,328,328,2024-05-15,2024-05-15
329,329,329,2024-05-15,2024-05-15
330,330,330,2024-05-15,2024-05-15
331,331,331,2024-05-15,2024-05-15
332,332,332,2024-05-15,2024-05-15
333,333,333,2024-05-15,2024-05-15
334,334,334,2024-05-15,2024-05-15
335,335,335,2024-05-15,2024-05-15
336,336,336,2024-05-15,2024-05-15
337,337,337,2024-05-15,2024-05-15
338,338,338,2024-05-15,2024-05-15
339,339,339,2024-05-15,2024-05-15
340,340,340,2024-05-15,2024-05-15
341,341,341,2024-05-15,2024-05-15
342,342,342,2024-05-15,2024-05-15
343,343,343,2024-05-15,2024-05-15
344,344,344,2024-05-15,2024-05-15
345,345,345,2024-05-15,2024-05-15
346,346,346,2024-05-15,2024-05-15
347,347,347,2024-05-15,2024-05-15
348,348,348,2024-05-15,2024-05-15
349,349,349,2024-05-15,2024-05-15
350,350,350,2024-05-15,2024-05-15
351,351,351,2024-05-15,2024-05-15
352,352,352,2024-05-15,2024-05-15
353,353,353,2024-05-15,2024-05-15
354,354,354,2024-05-15,2024-05-15
355,355,355,2024-05-15,2024-05-15
356,356,356,2024-05-15,2024-05-15
357,357,357,2024-05-15,2024-05-15
358,358,358,2024-05-15,2024-05-15
359,359,359,2024-05-15,2024-05-15
360,360,360,2024-05-15,2024-05-15
361,361,361,2024-05-15,2024-05-15
362,362,362,2024-05-15,2024-05-15
363,363,363,2024-05-15,2024-05-15
364,364,364,2024-05-15,2024-05-15
365,365,365,2024-05-15,2024-05-15
366,366,366,2024-05-15,2024-05-15
367,367,367,2024-05-15,2024-05-15
368,368,368,2024-05-15,2024-05-15
369,369,369,2024-05-15,2024-05-15
370,370,370,2024-05-15,2024-05-15
371,371,371,2024-05-15,2024-05-15
372,372,372,2024-05-15,2024-05-15
373,373,373,2024-05-15,2024-05-15
374,374,374,2024-05-15,2024-05-15
375,375,375,2024-05-15,2024-05-15
376,376,376,2024-05-15,2024-05-15
377,377,377,2024-05-15,2024-05-15
378,378,378,2024-05-15,2024-05-15
379,379,379,2024-05-15,2024-05-15
380,380,380,2024-05-15,2024-05-15
381,381,381,2024-05-15,2024-05-15
382,382,382,2024-05-15,2024-05-15
383,383,383,2024-05-15,2024-05-15
384,384,384,2024-05-15,2024-05-15
385,385,385,2024-05-15,2024-05-15
386,386,386,2024-05-15,2024-05-15
387,387,387,2024-05-15,2024-05-15
388,388,388,2024-05-15,2024-05-15
389,389,389,2024-05-15,2024-05-15
390,390,390,2024-05-15,2024-05-15
391,391,391,2024-05-15,2024-05-15
392,392,392,2024-05-15,2024-05-15
393,393,393,2024-05-15,2024-05-15
394,394,394,2024-05-15,2024-05-15
395,395,395,2024-05-15,2024-05-15
396,396,396,2024-05-15,2024-05-15
397,397,397,2024-05-15,2024-05-15
398,398,398,2024-05-15,2024-05-15
399,399,399,2024-05-15,2024-05-15
400,400,400,2024-05-15,2024-05-15
401,401,401,2024-05-15,2024-05-15
402,402,402,2024-05-15,2024-05-15
403,403,403,2024-05-15,2024-05-15
404,404,404,2024-05-15,2024-05-15
405,405,405,2024-05-15,2024-05-15
406,406,406,2024-05-15,2024-05-15
407,407,407,2024-05-15,2024-05-15
408,408,408,2024-05-15,2024-05-15
409,409,409,2024-05-15,2024-05-15
410,410,410,2024-05-15,2024-05-15
411,411,411,2024-05-15,2024-05-15
412,412,412,2024-05-15,2024-05-15
413,413,413,2024-05-15,2024-05-15
414,414,414,2024-05-15,2024-05-15
415,415,415,2024-05-15,2024-05-15
416,416,416,2024-05-15,2024-05-15
417,417,417,2024-05-15,2024-05-15
418,418,418,2024-05-15,2024-05-15
419,419,419,2024-05-15,2024-05-15
420,420,420,2024-05-15,2024-05-15
421,421,421,2024-05-15,2024-05-15
422,422,422,2024-05-15,2024-05-15
423,423,423,2024-05-15,2024-05-15
424,424,424,2024-05-15,2024-05-15
425,425,425,2024-05-15,2024-05-15
426,426,426,2024-05-15,2024-05-15
427,427,427,2024-05-15,2024-05-15
428,428,428,2024-05-15,2024-05-15
429,429,429,2024-05-15,2024-05-15
430,430,430,2024-05-15,2024-05-15
431,431,431,2024-05-15,2024-05-15
432,432,432,2024-05-15,2024-05-15
433,433,433,2024-05-15,2024-05-15
434,434,434,2024-05-15,2024-05-15
435,435,435,2024-05-15,2024-05-15
436,436,436,2024-05-15,2024-05-15
437,437,437,2024-05-15,2024-05-15
438,438,438,2024-05-15,2024-05-15
439,439,439,2024-05-15,2024-05-15
440,440,440,2024-05-15,2024-05-15
441,441,441,2024-05-15,2024-05-15
442,442,442,2024-05-15,2024-05-15
443,443,443,2024-05-15,2024-05-15
444,444,444,2024-05-15,2024-05-15
445,445,445,2024-05-15,2024-05-15
446,446,446,2024-05-15,2024-05-15
447,447,447,2024-05-15,2024-05-15
448,448,448,2024-05-15,2024-05-15
449,449,449,2024-05-15,2024-05-15
450,450,450,2024-05-15,2024-05-15
451,451,451,2024-05-15,2024-05-15
452,452,452,2024-05-15,2024-05-15
453,453,453,2024-05-15,2024-05-15
454,454,454,2024-05-15,2024-05-15
455,455,455,2024-05-15,2024-05-15
456,456,456,2024-05-15,2024-05-15
457,457,457,2024-05-15,2024-05-15
458,458,458,2024-05-15,2024-05-15
459,459,459,2024-05-15,2024-05-15
460,460,460,2024-05-15,2024-05-15
461,461,461,2024-05-15,2024-05-15
462,462,462,2024-05-15,2024-05-15
463,463,463,2024-05-15,2024-05-15
464,464,464,2024-05-15,2024-05-15
465,465,465,2024-05-15,2024-05-15
466,466,466,2024-05-15,2024-05-15
467,467,467,2024-05-15,2024-05-15
468,468,468,2024-05-15,2024-05-15
469,469,469,2024-05-15,2024-05-15
470,470,470,2024-05-15,2024-05-15
471,471,471,2024-05-15,2024-05-15
472,472,472,2024-05-15,2024-05-15
473,473,473,2024-05-15,2024-05-15
474,474,474,2024-05-15,2024-05-15
475,475,475,2024-05-15,2024-05-15
476,476,476,2024-05-15,2024-05-15
477,477,477,2024-05-15,2024-05-15
478,478,478,2024-05-15,2024-05-15
479,479,479,2024-05-15,2024-05-15
480,480,480,2024-05-15,2024-05-15
481,481,481,2024-05-15,2024-05-15
482,482,482,2024-05-15,2024-05-15
483,483,483,2024-05-15,2024-05-15
484,484,484,2024-05-15,2024-05-15
485,485,485,2024-05-15,2024-05-15
486,486,486,2024-05-15,2024-05-15
487,487,487,2024-05-15,2024-05-15
488,488,488,2024-05-15,2024-05-15
489,489,489,2024-05-15,2024-05-15
490,490,490,2024-05-15,2024-05-15
491,491,491,2024-05-15,2024-05-15
492,492,492,2024-05-15,2024-05-15
493,493,493,2024-05-15,2024-05-15
494,494,494,2024-05-15,2024-05-15
495,495,495,2024-05-15,2024-05-15
496,496,496,2024-05-15,2024-05-15
497,497,497,2024-05-15,2024-05-15
498,498,498,2024-05-15,2024-05-15
499,499,499,2024-05-15,2024-05-15
500,500,500,2024-05-15,2024-05-15
501,501,501,2024-05-15,2024-05-15
502,502,502,2024-05-15,2024-05-15
503,503,503,2024-05-15,2024-05-15
504,504,504,2024-05-15,2024-05-15
505,505,505,2024-05-15,2024-05-15
506,506,506,2024-05-15,2024-05-15
507,507,507,2024-05-15,2024-05-15
508,508,508,2024-05-15,2024-05-15
509,509,509,2024-05-15,2024-05-15
510,510,510,2024-05-15,2024-05-15
511,511,511,2024-05-15,2024-05-15
512,512,512,2024-05-15,2024-05-15
513,513,513,2024-05-15,2024-05-15
514,514,514,2024-05-15,2024-05-15
515,515,515,2024-05-15,2024-05-15
516,516,516,2024-05-15,2024-05-15
517,517,517,2024-05-15,2024-05-15
518,518,518,2024-05-15,2024-05-15
519,519,519,2024-05-15,2024-05-15
520,520,520,2024-05-15,2024-05-15
521,521,521,2024-05-15,2024-05-15
522,522,522,2024-05-15,2024-05-15
523,523,523,2024-05-15,2024-05-15
524,524,524,2024-05-15,2024-05-15
525,525,525,2024-05-15,2024-05-15
526,526,526,2024-05-15,2024-05-15
527,527,527,2024-05-15,2024-05-15
528,528,528,2024-05-15,2024-05-15
529,529,529,2024-05-15,2024-05-15
530,530,530,2024-05-15,2024-05-15
531,531,531,2024-05-15,2024-05-15
532,532,532,2024-05-15,2024-05-15
533,533,533,2024-05-15,2024-05-15
534,534,534,2024-05-15,2024-05-15
535,535,535,2024-05-15,2024-05-15
536,536,536,2024-05-15,2024-05-15
537,537,537,2024-05-15,2024-05-15
538,538,538,2024-05-15,2024-05-15
539,539,539,2024-05-15,2024-05-15
540,540,540,2024-05-15,2024-05-15
541,541,541,2024-05-15,2024-05-15
542,542,542,2024-05-15,2024-05-15
543,543,543,2024-05-15,2024-05-15
544,544,544,2024-05-15,2024-05-15
545,545,545,2024-05-15,2024-05-15
546,546,546,2024-05-15,2024-05-15
547,547,547,2024-05-15,2024-05-15
548,548,548,2024-05-15,2024-05-15
549,549,549,2024-05-15,2024-05-15
550,550,550,2024-05-15,2024-05-15
551,551,551,2024-05-15,2024-05-15
552,552,552,2024-05-15,2024-05-15
553,553,553,2024-05-15,2024-05-15
554,554,554,2024-05-15,2024-05-15
555,555,555,2024-05-15,2024-05-15
556,556,556,2024-05-15,2024-05-15
557,557,557,2024-05-15,2024-05-15
558,558,558,2024-05-15,2024-05-15
559,559,559,2024-05-15,2024-05-15
560,560,560,2024-05-15,2024-05-15
561,561,561,2024-05-15,2024-05-15
562,562,562,2024-05-15,2024-05-15
563,563,563,2024-05-15,2024-05-15
564,564,564,2024-05-15,2024-05-15
565,565,565,2024-05-15,2024-05-15
566,566,566,2024-05-15,2024-05-15
567,567,567,2024-05-15,2024-05-15
568,568,568,2024-05-15,2024-05-15
569,569,569,2024-05-15,2024-05-15
570,570,570,2024-05-15,2024-05-15
571,571,571,2024-05-15,2024-05-15
572,572,572,2024-05-15,2024-05-15
573,573,573,2024-05-15,2024-05-15
574,574,574,2024-05-15,2024-05-15
575,575,575,2024-05-15,2024-05-15
576,576,576,2024-05-15,2024-05-15
577,577,577,2024-05-15,2024-05-15
578,578,578,2024-05-15,2024-05-15
579,579,579,2024-05-15,2024-05-15
580,580,580,2024-05-15,2024-05-15
581,581,581,2024-05-15,2024-05-15
582,582,582,2024-05-15,2024-05-15
583,583,583,2024-05-15,2024-05-15
584,584,584,2024-05-15,2024-05-15
585,585,585,2024-05-15,2024-05-15
586,586,586,2024-05-15,2024-05-15
587,587,587,2024-05-15,2024-05-15
588,588,588,2024-05-15,2024-05-15
589,589,589,2024-05-15,2024-05-15
590,590,590,2024-05-15,2024-05-15
591,591,591,2024-05-15,2024-05-15
592,592,592,2024-05-15,2024-05-15
593,593,593,2024-05-15,2024-05-15
594,594,594,2024-05-15,2024-05-15
595,595,595,2024-05-15,2024-05-15
596,596,596,2024-05-15,2024-05-15
597,597,597,2024-05-15,2024-05-15
598,598,598,2024-05-15,2024-05-15
599,599,599,2024-05-15,2024-05-15
600,600,600,2024-05-15,2024-05-15
601,601,601,2024-05-15,2024-05-15
602,602,602,2024-05-15,2024-05-15
603,603,603,2024-05-15,2024-05-15
604,604,604,2024-05-15,2024-05-15
605,605,605,2024-05-15,2024-05-15
606,606,606,2024-05-15,2024-05-15
607,607,607,2024-05-15,2024-05-15
608,608,608,2024-05-15,2024-05-15
609,609,609,2024-05-15,2024-05-15
610,610,610,2024-05-15,2024-05-15
611,611,611,2024-05-15,2024-05-15
612,612,612,2024-05-15,2024-05-15
613,613,613,2024-05-15,2024-05-15
614,614,614,2024-05-15,2024-05-15
615,615,615,2024-05-15,2024-05-15
616,616,616,2024-05-15,2024-05-15
617,617,617,2024-05-15,2024-05-15
618,618,618,2024-05-15,2024-05-15
619,619,619,2024-05-15,2024-05-15
620,620,620,2024-05-15,2024-05-15
621,621,621,2024-05-15,2024-05-15
622,622,622,2024-05-15,2024-05-15
623,623,623,2024-05-15,2024-05-15
624,624,624,2024-05-15,2024-05-15
625,625,625,2024-05-15,2024-05-15
626,626,626,2024-05-15,2024-05-15
627,627,627,2024-05-15,2024-05-15
628,628,628,2024-05-15,2024-05-15
629,629,629,2024-05-15,2024-05-15
630,630,630,2024-05-15,2024-05-15
631,631,631,2024-05-15,2024-05-15
632,632,632,2024-05-15,2024-05-15
633,633,633,2024-05-15,2024-05-15
634,634,634,2024-05-15,2024-05-15
635,635,635,2024-05-15,2024-05-15
636,636,636,2024-05-15,2024-05-15
637,637,637,2024-05-15,2024-05-15
638,638,638,2024-05-15,2024-05-15
639,639,639,2024-05-15,2024-05-15
640,640,640,2024-05-15,2024-05-15
641,641,641,2024-05-15,2024-05-15
642,642,642,2024-05-15,2024-05-15
643,643,643,2024-05-15,2024-05-15
644,644,644,2024-05-15,2024-05-15
645,645,645,2024-05-15,2024-05-15
646,646,646,2024-05-15,2024-05-15
647,647,647,2024-05-15,2024-05-15
648,648,648,2024-05-15,2024-05-15
649,649,649,2024-05-15,2024-05-15
650,650,650,2024-05-15,2024-05-15
651,651,651,2024-05-15,2024-05-15
652,652,652,2024-05-15,2024-05-15
653,653,653,2024-05-15,2024-05-15
654,654,654,2024-05-15,2024-05-15
655,655,655,2024-05-15,2024-05-15
656,656,656,2024-05-15,2024-05-15
657,657,657,2024-05-15,2024-05-15
658,658,658,2024-05-15,2024-05-15
659,659,659,2024-05-15,2024-05-15
660,660,660,2024-05-15,2024-05-15
661,661,661,2024-05-15,2024-05-15
662,662,662,2024-05-15,2024-05-15
663,663,663,2024-05-15,2024-05-15
664,664,664,2024-05-15,2024-05-15
665,665,665,2024-05-15,2024-05-15
666,666,666,2024-05-15,2024-05-15
667,667,667,2024-05-15,2024-05-15
668,668,668,2024-05-15,2024-05-15
669,669,669,2024-05-15,2024-05-15
670,670,670,2024-05-15,2024-05-15
671,671,671,2024-05-15,2024-05-15
672,672,672,2024-05-15,2024-05-15
673,673,673,2024-05-15,2024-05-15
674,674,674,2024-05-15,2024-05-15
675,675,675,2024-05-15,2024-05-15
676,676,676,2024-05-15,2024-05-15
677,677,677,2024-05-15,2024-05-15
678,678,678,2024-05-15,2024-05-15
679,679,679,2024-05-15,2024-05-15
680,680,680,2024-05-15,2024-05-15
681,681,681,2024-05-15,2024-05-15
682,682,682,2024-05-15,2024-05-15
683,683,683,2024-05-15,2024-05-15
684,684,684,2024-05-15,2024-05-15
685,685,685,2024-05-15,2024-05-15
686,686,686,2024-05-15,2024-05-15
687,687,687,2024-05-15,2024-05-15
688,688,688,2024-05-15,2024-05-15
689,689,689,2024-05-15,2024-05-15
690,690,690,2024-05-15,2024-05-15
691,691,691,2024-05-15,2024-05-15
692,692,692,2024-05-15,2024-05-15
693,693,693,2024-05-15,2024-05-15
694,694,694,2024-05-15,2024-05-15
695,695,695,2024-05-15,2024-05-15
696,696,696,2024-05-15,2024-05-15
697,697,697,2024-05-15,2024-05-15
698,698,698,2024-05-15,2024-05-15
699,699,699,2024-05-15,2024-05-15
700,700,700,2024-05-15,2024-05-15
701,701,701,2024-05-15,2024-05-15
702,702,702,2024-05-15,2024-05-15
703,703,703,2024-05-15,2024-05-15
704,704,704,2024-05-15,2024-05-15
705,705,705,2024-05-15,2024-05-15
706,706,706,2024-05-15,2024-05-15
707,707,707,2024-05-15,2024-05-15
708,708,708,2024-05-15,2024-05-15
709,709,709,2024-05-15,2024-05-15
710,710,710,2024-05-15,2024-05-15
711,711,711,2024-05-15,2024-05-15
712,712,712,2024-05-15,2024-05-15
713,713,713,2024-05-15,2024-05-15
714,714,714,2024-05-15,2024-05-15
715,715,715,2024-05-15,2024-05-15
716,716,716,2024-05-15,2024-05-15
717,717,717,2024-05-15,2024-05-15
718,718,718,2024-05-15,2024-05-15
719,719,719,2024-05-15,2024-05-15
720,720,720,2024-05-15,2024-05-15
721,721,721,2024-05-15,2024-05-15
722,722,722,2024-05-15,2024-05-15
723,723,723,2024-05-15,2024-05-15
724,724,724,2024-05-15,2024-05-15
725,725,725,2024-05-15,2024-05-15
726,726,726,2024-05-15,2024-05-15
727,727,727,2024-05-15,2024-05-15
728,728,728,2024-05-15,2024-05-15
729,729,729,2024-05-15,2024-05-15
730,730,730,2024-05-15,2024-05-15
731,731,731,2024-05-15,2024-05-15
732,732,732,2024-05-15,2024-05-15
733,733,733,2024-05-15,2024-05-15
734,734,734,2024-05-15,2024-05-15
735,735,735,2024-05-15,2024-05-15
736,736,736,2024-05-15,2024-05-15
737,737,737,2024-05-15,2024-05-15
738,738,738,2024-05-15,2024-05-15
739,739,739,2024-05-15,2024-05-15
740,740,740,2024-05-15,2024-05-15
741,741,741,2024-05-15,2024-05-15
742,742,742,2024-05-15,2024-05-15
743,743,743,2024-05-15,2024-05-15
744,744,744,2024-05-15,2024-05-15
745,745,745,2024-05-15,2024-05-15
746,746,746,2024-05-15,2024-05-15
747,747,747,2024-05-15,2024-05-15
748,748,748,2024-05-15,2024-05-15
749,749,749,2024-05-15,2024-05-15
750,750,750,2024-05-15,2024-05-15
751,751,751,2024-05-15,2024-05-15
752,752,752,2024-05-15,2024-05-15
753,753,753,2024-05-15,2024-05-15
754,754,754,2024-05-15,2024-05-15
755,755,755,2024-05-15,2024-05-15
756,756,756,2024-05-15,2024-05-15
757,757,757,2024-05-15,2024-05-15
758,758,758,2024-05-15,2024-05-15
759,759,759,2024-05-15,2024-05-15
760,760,760,2024-05-15,2024-05-15
761,761,761,2024-05-15,2024-05-15
762,762,762,2024-05-15,2024-05-15
763,763,763,2024-05-15,2024-05-15
764,764,764,2024-05-15,2024-05-15
765,765,765,2024-05-15,2024-05-15
766,766,766,2024-05-15,2024-05-15
767,767,767,2024-05-15,2024-05-15
768,768,768,2024-05-15,2024-05-15
769,769,769,2024-05-15,2024-05-15
770,770,770,2024-05-15,2024-05-15
771,771,771,2024-05-15,2024-05-15
772,772,772,2024-05-15,2024-05-15
773,773,773,2024-05-15,2024-05-15
774,774,774,2024-05-15,2024-05-15
775,775,775,2024-05-15,2024-05-15
776,776,776,2024-05-15,2024-05-15
777,777,777,2024-05-15,2024-05-15
778,778,778,2024-05-15,2024-05-15
779,779,779,2024-05-15,2024-05-15
780,780,780,2024-05-15,2024-05-15
781,781,781,2024-05-15,2024-05-15
782,782,782,2024-05-15,2024-05-15
783,783,783,2024-05-15,2024-05-15
784,784,784,2024-05-15,2024-05-15
785,785,785,2024-05-15,2024-05-15
786,786,786,2024-05-15,2024-05-15
787,787,787,2024-05-15,2024-05-15
788,788,788,2024-05-15,2024-05-15
789,789,789,2024-05-15,2024-05-15
790,790,790,2024-05-15,2024-05-15
791,791,791,2024-05-15,2024-05-15
792,792,792,2024-05-15,2024-05-15
793,793,793,2024-05-15,2024-05-15
794,794,794,2024-05-15,2024-05-15
795,795,795,2024-05-15,2024-05-15
796,796,796,2024-05-15,2024-05-15
797,797,797,2024-05-15,2024-05-15
798,798,798,2024-05-15,2024-05-15
799,799,799,2024-05-15,2024-05-15
800,800,800,2024-05-15,2024-05-15
801,801,801,2024-05-15,2024-05-15
802,802,802,2024-05-15,2024-05-15
803,803,803,2024-05-15,2024-05-15
804,804,804,2024-05-15,2024-05-15
805,805,805,2024-05-15,2024-05-15
806,806,806,2024-05-15,2024-05-15
807,807,807,2024-05-15,2024-05-15
808,808,808,2024-05-15,2024-05-15
809,809,809,2024-05-15,2024-05-15
810,810,810,2024-05-15,2024-05-15
811,811,811,2024-05-15,2024-05-15
812,812,812,2024-05-15,2024-05-15
813,813,813,2024-05-15,2024-05-15
814,814,814,2024-05-15,2024-05-15
815,815,815,2024-05-15,2024-05-15
816,816,816,2024-05-15,2024-05-15
817,817,817,2024-05-15,2024-05-15
818,818,818,2024-05-15,2024-05-15
819,819,819,2024-05-15,2024-05-15
820,820,820,2024-05-15,2024-05-15
821,821,821,2024-05-15,2024-05-15
822,822,822,2024-05-15,2024-05-15
823,823,823,2024-05-15,2024-05-15
824,824,824,2024-05-15,2024-05-15
825,825,825,2024-05-15,2024-05-15
826,826,826,2024-05-15,2024-05-15
827,827,827,2024-05-15,2024-05-15
828,828,828,2024-05-15,2024-05-15
829,829,829,2024-05-15,2024-05-15
830,830,830,2024-05-15,2024-05-15
831,831,831,2024-05-15,2024-05-15
832,832,832,2024-05-15,2024-05-15
833,833,833,2024-05-15,2024-05-15
834,834,834,2024-05-15,2024-05-15
835,835,835,2024-05-15,2024-05-15
836,836,836,2024-05-15,2024-05-15
